{"resolution":16,"nx":16,"ny":16,"epsilon_background":13,"epsilon_hole":1,"radius":0.3,"grid":[13,13,13,13,13,13,13,13,13,13,13,13,13,13,13,13,13,13,13,13,13,13,13,13,13,13,13,13,13,13,13,13,13,13,13,13,13,13,13,13,13,13,13,13,13,13,13,13,13,13,13,13,13,13,12.953125,10.796875,9.34375,10.796875,12.953125,13,13,13,13,13,13,13,13,13,13,9.953125,2.828125,1,1,1,2.828125,9.953125,13,13,13,13,13,13,13,13,9.953125,1.28125,1,1,1,1,1,1.28125,9.953125,13,13,13,13,13,13,12.953125,2.828125,1,1,1,1,1,1,1,2.828125,12.953125,13,13,13,13,13,10.796875,1,1,1,1,1,1,1,1,1,10.796875,13,13,13,13,13,9.34375,1,1,1,1,1,1,1,1,1,9.34375,13,13,13,13,13,10.796875,1,1,1,1,1,1,1,1,1,10.796875,13,13,13,13,13,12.953125,2.828125,1,1,1,1,1,1,1,2.828125,12.953125,13,13,13,13,13,13,9.953125,1.28125,1,1,1,1,1,1.28125,9.953125,13,13,13,13,13,13,13,13,9.953125,2.828125,1,1,1,2.828125,9.953125,13,13,13,13,13,13,13,13,13,13,12.953125,10.796875,9.34375,10.796875,12.953125,13,13,13,13,13,13,13,13,13,13,13,13,13,13,13,13,13,13,13,13,13,13,13,13,13,13,13,13,13,13,13,13,13,13,13,13,13]}