{"resolution":32,"nx":32,"ny":32,"epsilon_background":13,"epsilon_hole":1,"radius":0.3,"grid":[13,13,13,13,13,13,13,13,13,13,13,13,13,13,13,13,13,13,13,13,13,13,13,13,13,13,13,13,13,13,13,13,13,13,13,13,13,13,13,13,13,13,13,13,13,13,13,13,13,13,13,13,13,13,13,13,13,13,13,13,13,13,13,13,13,13,13,13,13,13,13,13,13,13,13,13,13,13,13,13,13,13,13,13,13,13,13,13,13,13,13,13,13,13,13,13,13,13,13,13,13,13,13,13,13,13,13,13,13,13,13,13,13,13,13,13,13,13,13,13,13,13,13,13,13,13,13,13,13,13,13,13,13,13,13,13,13,13,13,13,13,13,13,13,13,13,13,13,13,13,13,13,13,13,13,13,13,13,13,13,13,13,13,13,13,13,13,13,13,13,13,13,13,13,13,13,13,13,13,13,13,13,13,13,13,13,13,13,13,13,13,13,13,13,13,13,13,13,13,13,13,13,13,13,13,13,13,12.53125,11.6875,12.53125,13,13,13,13,13,13,13,13,13,13,13,13,13,13,13,13,13,13,13,13,13,13,13,13,13,13,10.421875,5.640625,2.40625,1,1,1,2.40625,5.640625,10.421875,13,13,13,13,13,13,13,13,13,13,13,13,13,13,13,13,13,13,13,13,13,11.875,4.75,1,1,1,1,1,1,1,1,1,4.75,11.875,13,13,13,13,13,13,13,13,13,13,13,13,13,13,13,13,13,13,10.890625,2.3125,1,1,1,1,1,1,1,1,1,1,1,2.3125,10.890625,13,13,13,13,13,13,13,13,13,13,13,13,13,13,13,13,11.875,2.3125,1,1,1,1,1,1,1,1,1,1,1,1,1,2.3125,11.875,13,13,13,13,13,13,13,13,13,13,13,13,13,13,13,4.75,1,1,1,1,1,1,1,1,1,1,1,1,1,1,1,4.75,13,13,13,13,13,13,13,13,13,13,13,13,13,13,10.421875,1,1,1,1,1,1,1,1,1,1,1,1,1,1,1,1,1,10.421875,13,13,13,13,13,13,13,13,13,13,13,13,13,5.640625,1,1,1,1,1,1,1,1,1,1,1,1,1,1,1,1,1,5.640625,13,13,13,13,13,13,13,13,13,13,13,13,13,2.40625,1,1,1,1,1,1,1,1,1,1,1,1,1,1,1,1,1,2.40625,13,13,13,13,13,13,13,13,13,13,13,13,12.53125,1,1,1,1,1,1,1,1,1,1,1,1,1,1,1,1,1,1,1,12.53125,13,13,13,13,13,13,13,13,13,13,13,11.6875,1,1,1,1,1,1,1,1,1,1,1,1,1,1,1,1,1,1,1,11.6875,13,13,13,13,13,13,13,13,13,13,13,12.53125,1,1,1,1,1,1,1,1,1,1,1,1,1,1,1,1,1,1,1,12.53125,13,13,13,13,13,13,13,13,13,13,13,13,2.40625,1,1,1,1,1,1,1,1,1,1,1,1,1,1,1,1,1,2.40625,13,13,13,13,13,13,13,13,13,13,13,13,13,5.640625,1,1,1,1,1,1,1,1,1,1,1,1,1,1,1,1,1,5.640625,13,13,13,13,13,13,13,13,13,13,13,13,13,10.421875,1,1,1,1,1,1,1,1,1,1,1,1,1,1,1,1,1,10.421875,13,13,13,13,13,13,13,13,13,13,13,13,13,13,4.75,1,1,1,1,1,1,1,1,1,1,1,1,1,1,1,4.75,13,13,13,13,13,13,13,13,13,13,13,13,13,13,13,11.875,2.3125,1,1,1,1,1,1,1,1,1,1,1,1,1,2.3125,11.875,13,13,13,13,13,13,13,13,13,13,13,13,13,13,13,13,10.890625,2.3125,1,1,1,1,1,1,1,1,1,1,1,2.3125,10.890625,13,13,13,13,13,13,13,13,13,13,13,13,13,13,13,13,13,13,11.875,4.75,1,1,1,1,1,1,1,1,1,4.75,11.875,13,13,13,13,13,13,13,13,13,13,13,13,13,13,13,13,13,13,13,13,13,10.421875,5.640625,2.40625,1,1,1,2.40625,5.640625,10.421875,13,13,13,13,13,13,13,13,13,13,13,13,13,13,13,13,13,13,13,13,13,13,13,13,13,13,12.53125,11.6875,12.53125,13,13,13,13,13,13,13,13,13,13,13,13,13,13,13,13,13,13,13,13,13,13,13,13,13,13,13,13,13,13,13,13,13,13,13,13,13,13,13,13,13,13,13,13,13,13,13,13,13,13,13,13,13,13,13,13,13,13,13,13,13,13,13,13,13,13,13,13,13,13,13,13,13,13,13,13,13,13,13,13,13,13,13,13,13,13,13,13,13,13,13,13,13,13,13,13,13,13,13,13,13,13,13,13,13,13,13,13,13,13,13,13,13,13,13,13,13,13,13,13,13,13,13,13,13,13,13,13,13,13,13,13,13,13,13,13,13,13,13,13,13,13,13,13,13,13,13,13,13,13,13,13,13,13,13,13,13,13,13,13,13,13,13,13,13,13,13,13,13,13,13,13,13,13]}